{"meta": {"version": "7.3.2", "timestamp": "2025-06-10T01:01:25.739869", "branch_coverage": false, "show_contexts": false}, "files": {"src\\__init__.py": {"executed_lines": [1], "summary": {"covered_lines": 0, "num_statements": 0, "percent_covered": 100.0, "percent_covered_display": "100", "missing_lines": 0, "excluded_lines": 0}, "missing_lines": [], "excluded_lines": []}, "src\\agents\\llm_selector.py": {"executed_lines": [1, 2, 3, 4, 5, 6, 7, 8, 11, 14, 20, 26, 27, 29, 31, 32, 33, 35, 41, 47, 58, 79], "summary": {"covered_lines": 21, "num_statements": 56, "percent_covered": 37.5, "percent_covered_display": "38", "missing_lines": 35, "excluded_lines": 0}, "missing_lines": [37, 38, 39, 43, 44, 45, 56, 60, 61, 62, 64, 65, 66, 67, 68, 69, 71, 72, 77, 87, 89, 90, 91, 92, 93, 94, 95, 96, 97, 104, 105, 106, 107, 108, 111], "excluded_lines": []}, "src\\agents\\llms\\base.py": {"executed_lines": [1, 2, 4, 5, 7, 8, 12, 13, 17, 18, 19, 23, 24, 25, 29, 30, 31], "summary": {"covered_lines": 16, "num_statements": 21, "percent_covered": 76.19047619047619, "percent_covered_display": "76", "missing_lines": 5, "excluded_lines": 0}, "missing_lines": [10, 15, 21, 27, 33], "excluded_lines": []}, "src\\agents\\llms\\gemini.py": {"executed_lines": [1, 2, 3, 4, 5, 7, 8, 10, 20, 35, 45, 46, 49, 50, 53, 54], "summary": {"covered_lines": 15, "num_statements": 36, "percent_covered": 41.666666666666664, "percent_covered_display": "42", "missing_lines": 21, "excluded_lines": 0}, "missing_lines": [12, 13, 14, 16, 17, 18, 22, 23, 31, 32, 33, 37, 38, 39, 40, 41, 42, 43, 47, 51, 55], "excluded_lines": []}, "src\\agents\\llms\\llama2.py": {"executed_lines": [1, 2, 3, 4, 5, 6, 8, 9, 11, 25, 47, 57, 58, 61, 62, 65, 66], "summary": {"covered_lines": 16, "num_statements": 40, "percent_covered": 40.0, "percent_covered_display": "40", "missing_lines": 24, "excluded_lines": 0}, "missing_lines": [13, 14, 17, 18, 23, 27, 28, 31, 32, 40, 42, 43, 44, 45, 49, 50, 51, 52, 53, 54, 55, 59, 63, 67], "excluded_lines": []}, "src\\api\\agent_calendar.py": {"executed_lines": [1, 2, 3, 4, 5, 6, 7, 8, 9, 10, 11, 12, 13, 14, 16, 19, 21, 22, 24, 25, 26, 27, 29, 30, 31, 32, 34, 35, 36, 37, 39, 47, 50, 63, 64, 67, 69, 71, 73, 75, 77, 79, 81, 83, 84, 85, 86, 87, 89, 91, 144, 145, 147, 149, 150, 151, 160, 161, 162, 164, 165, 167, 169, 170, 172, 173, 175, 184, 185, 195, 196, 198, 199, 201, 202, 210, 211, 212, 220, 221], "summary": {"covered_lines": 80, "num_statements": 129, "percent_covered": 62.01550387596899, "percent_covered_display": "62", "missing_lines": 49, "excluded_lines": 0}, "missing_lines": [68, 70, 72, 74, 76, 106, 114, 116, 122, 130, 136, 137, 153, 155, 156, 157, 158, 166, 168, 187, 204, 214, 216, 217, 218, 227, 229, 230, 231, 237, 240, 241, 242, 243, 245, 251, 252, 259, 262, 263, 265, 268, 274, 276, 281, 282, 283, 284, 288], "excluded_lines": []}, "src\\app.py": {"executed_lines": [], "summary": {"covered_lines": 0, "num_statements": 76, "percent_covered": 0.0, "percent_covered_display": "0", "missing_lines": 76, "excluded_lines": 0}, "missing_lines": [1, 2, 3, 4, 5, 6, 7, 8, 9, 10, 11, 12, 20, 24, 26, 27, 30, 31, 32, 33, 34, 35, 36, 37, 38, 40, 41, 42, 44, 52, 61, 62, 63, 64, 65, 66, 67, 70, 71, 72, 73, 78, 79, 80, 81, 86, 87, 88, 89, 94, 95, 96, 97, 103, 105, 106, 107, 108, 109, 112, 113, 115, 117, 118, 120, 122, 123, 124, 125, 126, 129, 130, 131, 134, 141, 148], "excluded_lines": []}, "src\\calendar_tool_wrappers.py": {"executed_lines": [1, 2, 3, 4, 14, 15, 16, 17, 18, 19, 20, 22, 24, 43, 44, 45, 48, 54, 55, 56, 71, 72, 73, 91, 93, 97, 100, 102, 105, 147, 148, 149, 150, 152, 153, 154, 169, 172, 173, 174, 175, 176, 179, 181, 184, 196, 197, 198, 199, 200, 203, 205, 208, 220, 223, 224, 225, 228, 231, 232, 233, 234, 235, 236, 237, 240, 243, 246, 247, 250, 261, 262, 263, 264, 265, 266, 267, 269, 270, 272, 273, 274, 275, 276, 277, 279, 280, 281, 282, 283, 285, 286, 288, 289, 290, 291, 292, 293, 294, 295, 296, 298, 299, 300, 301, 303, 305, 306, 308, 309, 310, 311, 312, 313, 314, 315, 316, 317, 319, 320, 326, 327, 329, 330, 331, 332, 334, 335, 337, 338, 339, 340, 341, 342, 344, 345, 346, 347, 349, 351, 352, 354, 355, 356, 357, 358, 359, 361, 362, 363, 364, 366, 368, 369, 371, 373, 374, 376, 378, 381, 389, 390, 391, 392, 393, 398, 400, 403, 405, 406, 408, 410, 411, 412, 413, 415, 416, 417, 419, 421, 425, 428, 430, 433, 440, 441, 443, 444, 446, 448, 449, 452, 454, 457, 459, 461, 464, 466, 467, 469, 471, 472, 473, 474, 476, 477, 478, 480, 482, 486, 487, 488, 490, 492, 493, 495, 497, 500, 506, 508, 510, 518, 519, 522, 528, 530, 532, 535, 537, 538, 540, 542, 544, 549, 550, 551, 553, 554, 557, 559, 561, 565, 567, 569, 571, 574, 576, 579, 587, 589, 590, 597, 604, 606, 631, 633, 637, 640, 642, 645, 647, 648, 655, 662, 685, 686, 694, 702], "summary": {"covered_lines": 264, "num_statements": 439, "percent_covered": 60.136674259681094, "percent_covered_display": "60", "missing_lines": 175, "excluded_lines": 0}, "missing_lines": [26, 27, 29, 30, 32, 33, 34, 35, 36, 37, 38, 39, 41, 46, 50, 51, 52, 57, 59, 62, 67, 68, 69, 74, 76, 79, 87, 88, 89, 94, 98, 110, 111, 114, 115, 116, 117, 118, 119, 120, 121, 122, 123, 124, 125, 126, 129, 130, 131, 132, 133, 136, 143, 145, 155, 157, 160, 165, 166, 167, 178, 185, 187, 188, 190, 191, 193, 202, 209, 211, 212, 214, 215, 217, 226, 248, 302, 321, 322, 323, 324, 348, 365, 394, 396, 402, 407, 409, 422, 426, 453, 455, 463, 468, 470, 483, 489, 491, 507, 509, 511, 520, 534, 539, 541, 543, 545, 546, 547, 555, 562, 566, 568, 570, 572, 591, 592, 594, 608, 610, 611, 613, 614, 615, 616, 617, 618, 619, 620, 621, 622, 623, 624, 625, 627, 628, 629, 634, 638, 649, 650, 652, 664, 666, 667, 669, 670, 671, 672, 673, 674, 675, 676, 677, 678, 679, 681, 682, 683, 687, 688, 689, 690, 691, 692, 695, 696, 697, 698, 699, 700, 703, 704, 705, 706], "excluded_lines": []}, "src\\core\\auth.py": {"executed_lines": [1, 2, 4, 6], "summary": {"covered_lines": 4, "num_statements": 5, "percent_covered": 80.0, "percent_covered_display": "80", "missing_lines": 1, "excluded_lines": 0}, "missing_lines": [9], "excluded_lines": []}, "src\\core\\config.py": {"executed_lines": [1, 2, 3, 4, 6, 8, 9, 10, 11, 14, 15, 16, 19, 25, 26, 29, 30, 31, 32, 35, 38, 41, 42, 45, 48, 49, 52, 53, 56, 58, 59, 60, 61, 64, 67], "summary": {"covered_lines": 35, "num_statements": 39, "percent_covered": 89.74358974358974, "percent_covered_display": "90", "missing_lines": 4, "excluded_lines": 0}, "missing_lines": [68, 77, 78, 79], "excluded_lines": []}, "src\\core\\exceptions.py": {"executed_lines": [1, 3, 4, 5, 11, 12, 13, 14, 16, 17, 18, 25, 26, 27, 34, 35, 36, 43, 44, 45, 52, 53, 54, 61, 62, 63, 70, 71, 72, 79, 80, 81, 88, 89, 90, 95], "summary": {"covered_lines": 26, "num_statements": 34, "percent_covered": 76.47058823529412, "percent_covered_display": "76", "missing_lines": 8, "excluded_lines": 0}, "missing_lines": [23, 32, 41, 50, 59, 68, 77, 86], "excluded_lines": []}, "src\\db\\connection.py": {"executed_lines": [1, 2, 3, 4, 5, 6, 7, 9, 11, 13, 14, 15, 16, 17, 18, 19, 22, 25, 26, 29, 30, 33, 34, 35, 38, 39, 40, 43, 44, 47, 48, 49, 50, 51, 53, 59, 61, 62, 63, 64, 66, 67, 72, 103, 104, 122, 123, 131, 132, 139], "summary": {"covered_lines": 50, "num_statements": 84, "percent_covered": 59.523809523809526, "percent_covered_display": "60", "missing_lines": 34, "excluded_lines": 0}, "missing_lines": [74, 75, 76, 78, 79, 87, 90, 91, 94, 96, 97, 98, 99, 100, 101, 106, 108, 109, 110, 113, 114, 115, 117, 118, 119, 120, 125, 126, 127, 128, 129, 134, 135, 136], "excluded_lines": []}, "src\\db\\test_config.py": {"executed_lines": [1, 2, 3, 4, 5, 8, 11, 12, 19, 21], "summary": {"covered_lines": 9, "num_statements": 13, "percent_covered": 69.23076923076923, "percent_covered_display": "69", "missing_lines": 4, "excluded_lines": 0}, "missing_lines": [23, 24, 25, 27], "excluded_lines": []},