{"meta": {"version": "7.3.2", "timestamp": "2025-06-12T00:03:36.114073", "branch_coverage": false, "show_contexts": false}, "files": {"src\\__init__.py": {"executed_lines": [1], "summary": {"covered_lines": 0, "num_statements": 0, "percent_covered": 100.0, "percent_covered_display": "100", "missing_lines": 0, "excluded_lines": 0}, "missing_lines": [], "excluded_lines": []}, "src\\agents\\llm_selector.py": {"executed_lines": [1, 2, 3, 4, 5, 6, 7, 8, 11, 14, 20, 26, 27, 29, 31, 32, 33, 35, 41, 47, 58, 79], "summary": {"covered_lines": 21, "num_statements": 56, "percent_covered": 37.5, "percent_covered_display": "38", "missing_lines": 35, "excluded_lines": 0}, "missing_lines": [37, 38, 39, 43, 44, 45, 56, 60, 61, 62, 64, 65, 66, 67, 68, 69, 71, 72, 77, 87, 89, 90, 91, 92, 93, 94, 95, 96, 97, 104, 105, 106, 107, 108, 111], "excluded_lines": []}, "src\\agents\\llms\\base.py": {"executed_lines": [1, 2, 4, 5, 7, 8, 12, 13, 17, 18, 19, 23, 24, 25, 29, 30, 31], "summary": {"covered_lines": 16, "num_statements": 21, "percent_covered": 76.19047619047619, "percent_covered_display": "76", "missing_lines": 5, "excluded_lines": 0}, "missing_lines": [10, 15, 21, 27, 33], "excluded_lines": []}, "src\\agents\\llms\\gemini.py": {"executed_lines": [1, 2, 3, 4, 5, 7, 8, 10, 20, 35, 45, 46, 49, 50, 53, 54], "summary": {"covered_lines": 15, "num_statements": 36, "percent_covered": 41.666666666666664, "percent_covered_display": "42", "missing_lines": 21, "excluded_lines": 0}, "missing_lines": [12, 13, 14, 16, 17, 18, 22, 23, 31, 32, 33, 37, 38, 39, 40, 41, 42, 43, 47, 51, 55], "excluded_lines": []}, "src\\agents\\llms\\llama2.py": {"executed_lines": [1, 2, 3, 4, 5, 6, 8, 9, 11, 25, 47, 57, 58, 61, 62, 65, 66], "summary": {"covered_lines": 16, "num_statements": 40, "percent_covered": 40.0, "percent_covered_display": "40", "missing_lines": 24, "excluded_lines": 0}, "missing_lines": [13, 14, 17, 18, 23, 27, 28, 31, 32, 40, 42, 43, 44, 45, 49, 50, 51, 52, 53, 54, 55, 59, 63, 67], "excluded_lines": []}, "src\\api\\agent_calendar.py": {"executed_lines": [1, 2, 3, 4, 5, 6, 7, 8, 9, 10, 11, 12, 13, 14, 16, 19, 21, 22, 24, 25, 26, 27, 29, 30, 31, 32, 34, 35, 36, 37, 39, 47, 50, 63, 64, 67, 69, 71, 73, 75, 77, 79, 81, 83, 84, 85, 86, 87, 89, 91, 144, 145, 147, 149, 150, 151, 160, 161, 162, 164, 165, 167, 169, 170, 172, 173, 175, 184, 185, 195, 196, 198, 199, 201, 202, 210, 211, 212, 220, 221], "summary": {"covered_lines": 80, "num_statements": 129, "percent_covered": 62.01550387596899, "percent_covered_display": "62", "missing_lines": 49, "excluded_lines": 0}, "missing_lines": [68, 70, 72, 74, 76, 106, 114, 116, 122, 130, 136, 137, 153, 155, 156, 157, 158, 166, 168, 187, 204, 214, 216, 217, 218, 227, 229, 230, 231, 237, 240, 241, 242, 243, 245, 251, 252, 259, 262, 263, 265, 268, 274, 276, 281, 282, 283, 284, 288], "excluded_lines": []}, "src\\app.py": {"executed_lines": [], "summary": {"covered_lines": 0, "num_statements": 100, "percent_covered": 0.0, "percent_covered_display": "0", "missing_lines": 100, "excluded_lines": 0}, "missing_lines": [1, 2, 3, 4, 5, 6, 7, 8, 9, 10, 11, 12, 18, 19, 20, 21, 24, 28, 30, 31, 34, 35, 36, 37, 38, 39, 40, 41, 42, 44, 45, 46, 48, 59, 68, 69, 70, 71, 72, 73, 74, 77, 78, 79, 80, 85, 86, 87, 88, 93, 94, 95, 96, 101, 102, 103, 104, 110, 112, 113, 114, 115, 116, 119, 120, 122, 124, 125, 127, 129, 130, 131, 132, 133, 136, 137, 142, 144, 145, 146, 147, 148, 150, 159, 160, 161, 162, 165, 166, 167, 170, 177, 184, 192, 193, 194, 202, 203, 204, 205], "excluded_lines": []}, "src\\calendar_tool_wrappers.py": {"executed_lines": [1, 2, 3, 4, 14, 15, 16, 17, 18, 19, 20, 22, 24, 43, 44, 45, 48, 54, 55, 56, 71, 72, 73, 91, 93, 95, 98, 103, 107, 108, 109, 110, 111, 112, 113, 114, 116, 118, 119, 122, 123, 124, 125, 129, 136, 138, 145, 146, 147, 162, 165, 166, 167, 168, 169, 172, 177, 181, 184, 186, 189, 190, 191, 192, 193, 196, 201, 205, 208, 210, 213, 216, 217, 218, 221, 224, 225, 226, 227, 228, 229, 230, 233, 236, 239, 240, 243, 254, 255, 256, 257, 258, 259, 260, 262, 263, 265, 266, 267, 268, 269, 270, 272, 273, 274, 275, 276, 278, 279, 281, 282, 283, 284, 285, 286, 287, 288, 289, 291, 292, 293, 294, 296, 298, 299, 301, 302, 303, 304, 305, 306, 307, 308, 309, 310, 312, 313, 319, 320, 322, 323, 324, 325, 327, 328, 330, 331, 332, 333, 334, 335, 337, 338, 339, 340, 342, 344, 345, 347, 348, 349, 350, 351, 352, 354, 355, 356, 357, 359, 361, 362, 364, 366, 367, 369, 371, 374, 382, 383, 384, 385, 386, 391, 393, 395, 396, 398, 399, 401, 403, 404, 405, 406, 408, 409, 410, 412, 414, 418, 421, 423, 426, 433, 434, 436, 437, 439, 441, 442, 445, 447, 450, 452, 454, 457, 459, 460, 462, 464, 465, 466, 467, 469, 470, 471, 473, 475, 479, 480, 481, 483, 485, 488, 490, 493, 499, 500, 501, 502, 503, 504, 511, 512, 515, 521, 523, 525, 528, 530, 531, 533, 535, 537, 542, 543, 544, 546, 547, 550, 552, 554, 558, 560, 562, 564, 567, 569, 572, 580, 582, 583, 590, 597, 599, 624, 626, 630, 633, 635, 638, 640, 641, 648, 655, 678, 679, 687, 695], "summary": {"covered_lines": 284, "num_statements": 435, "percent_covered": 65.28735632183908, "percent_covered_display": "65", "missing_lines": 151, "excluded_lines": 0}, "missing_lines": [26, 27, 29, 30, 32, 33, 34, 35, 36, 37, 38, 39, 41, 46, 50, 51, 52, 57, 59, 62, 67, 68, 69, 74, 76, 79, 87, 88, 89, 104, 115, 117, 126, 140, 141, 142, 143, 148, 150, 153, 158, 159, 160, 171, 174, 178, 180, 183, 195, 198, 202, 204, 207, 219, 241, 295, 314, 315, 316, 317, 341, 358, 387, 389, 400, 402, 415, 419, 446, 448, 456, 461, 463, 476, 482, 484, 486, 513, 527, 532, 534, 536, 538, 539, 540, 548, 555, 559, 561, 563, 565, 584, 585, 587, 601, 603, 604, 606, 607, 608, 609, 610, 611, 612, 613, 614, 615, 616, 617, 618, 620, 621, 622, 627, 631, 642, 643, 645, 657, 659, 660, 662, 663, 664, 665, 666, 667, 668, 669, 670, 671, 672, 674, 675, 676, 680, 681, 682, 683, 684, 685, 688, 689, 690, 691, 692, 693, 696, 697, 698, 699], "excluded_lines": []}, "src\\core\\auth.py": {"executed_lines": [1, 2, 4, 6], "summary": {"covered_lines": 4, "num_statements": 5, "percent_covered": 80.0, "percent_covered_display": "80", "missing_lines": 1, "excluded_lines": 0}, "missing_lines": [9], "excluded_lines": []}, "src\\core\\config.py": {"executed_lines": [1, 2, 3, 4, 6, 8, 9, 10, 11, 14, 15, 16, 19, 25, 26, 29, 30, 31, 32, 35, 38, 41, 42, 45, 48, 49, 52, 53, 56, 58, 59, 60, 61, 64, 67], "summary": {"covered_lines": 35, "num_statements": 39, "percent_covered": 89.74358974358974, "percent_covered_display": "90", "missing_lines": 4, "excluded_lines": 0}, "missing_lines": [68, 77, 78, 79], "excluded_lines": []}, "src\\core\\exceptions.py": {"executed_lines": [1, 3, 4, 5, 11, 12, 13, 14, 16, 17, 18, 25, 26, 27, 34, 35, 36, 43, 44, 45, 52, 53, 54, 61, 62, 63, 70, 71, 72, 79, 80, 81, 88, 89, 90, 95, 97, 98, 99, 104], "summary": {"covered_lines": 29, "num_statements": 37, "percent_covered": 78.37837837837837, "percent_covered_display": "78", "missing_lines": 8, "excluded_lines": 0}, "missing_lines": [23, 32, 41, 50, 59, 68, 77, 86], "excluded_lines": []}, "src\\db\\connection.py": {"executed_lines": [1, 2, 3, 4, 5, 6, 7, 9, 11, 13, 14, 15, 16, 17, 18, 19, 22, 25, 26, 29, 30, 33, 34, 35, 38, 39, 40, 43, 44, 47, 48, 49, 50, 51, 53, 59, 61, 62, 63, 64, 66, 67, 72, 103, 104, 122, 123, 131, 132, 139], "summary": {"covered_lines": 50, "num_statements": 84, "percent_covered": 59.523809523809526, "percent_covered_display": "60", "missing_lines": 34, "excluded_lines": 0}, "missing_lines": [74, 75, 76, 78, 79, 87, 90, 91, 94, 96, 97, 98, 99, 100, 101, 106, 108, 109, 110, 113, 114, 115, 117, 118, 119, 120, 125, 126, 127, 128, 129, 134, 135, 136], "excluded_lines": []}, "src\\db\\test_config.py": {"executed_lines": [1, 2, 3, 4, 5, 8, 11, 12, 19, 21], "summary": {"covered_lines": 9, "num_statements": 13, "percent_covered": 69.23076923076923, "percent_covered_display": "69", "missing_lines": 4, "excluded_lines": 0}, "missing_lines": [23, 24, 25, 27], "excluded_lines": []},